[{"model": "admin.logentry", "pk": 1, "fields": {"action_time": "2025-01-28T16:58:46.441Z", "user": 1, "content_type": 7, "object_id": "1", "object_repr": "artofdarts.com", "action_flag": 2, "change_message": "[{\"changed\": {\"fields\": [\"Domain name\", \"Display name\"]}}]"}}, {"model": "admin.logentry", "pk": 2, "fields": {"action_time": "2025-01-28T16:59:16.908Z", "user": 1, "content_type": 8, "object_id": "1", "object_repr": "cameron.rafferty@hotmail.co.uk", "action_flag": 1, "change_message": "[{\"added\": {}}]"}}, {"model": "admin.logentry", "pk": 3, "fields": {"action_time": "2025-01-30T15:10:18.931Z", "user": 2, "content_type": 4, "object_id": "1", "object_repr": "CamAdmin", "action_flag": 2, "change_message": "[{\"changed\": {\"fields\": [\"password\"]}}]"}}, {"model": "admin.logentry", "pk": 4, "fields": {"action_time": "2025-01-30T17:13:45.018Z", "user": 1, "content_type": 13, "object_id": "1", "object_repr": "barrels", "action_flag": 1, "change_message": "[{\"added\": {}}]"}}, {"model": "admin.logentry", "pk": 5, "fields": {"action_time": "2025-01-30T17:13:54.258Z", "user": 1, "content_type": 13, "object_id": "2", "object_repr": "flights", "action_flag": 1, "change_message": "[{\"added\": {}}]"}}, {"model": "admin.logentry", "pk": 6, "fields": {"action_time": "2025-01-30T17:14:06.550Z", "user": 1, "content_type": 13, "object_id": "3", "object_repr": "shafts", "action_flag": 1, "change_message": "[{\"added\": {}}]"}}, {"model": "admin.logentry", "pk": 7, "fields": {"action_time": "2025-01-31T14:17:25.241Z", "user": 1, "content_type": 15, "object_id": "1", "object_repr": "Caliburn Hunt (barrels)", "action_flag": 1, "change_message": "[{\"added\": {}}]"}}, {"model": "admin.logentry", "pk": 8, "fields": {"action_time": "2025-01-31T14:18:32.807Z", "user": 1, "content_type": 15, "object_id": "2", "object_repr": "Caliburn Stallion (barrels)", "action_flag": 1, "change_message": "[{\"added\": {}}]"}}, {"model": "admin.logentry", "pk": 9, "fields": {"action_time": "2025-01-31T15:35:53.951Z", "user": 1, "content_type": 17, "object_id": "3", "object_repr": "Mission Griplock Shaft (shafts)", "action_flag": 1, "change_message": "[{\"added\": {}}]"}}, {"model": "admin.logentry", "pk": 10, "fields": {"action_time": "2025-01-31T15:37:14.663Z", "user": 1, "content_type": 17, "object_id": "4", "object_repr": "Mission Griplock Shaft (shafts)", "action_flag": 1, "change_message": "[{\"added\": {}}]"}}, {"model": "admin.logentry", "pk": 11, "fields": {"action_time": "2025-01-31T15:38:39.787Z", "user": 1, "content_type": 17, "object_id": "5", "object_repr": "Unicorn Gripper (shafts)", "action_flag": 1, "change_message": "[{\"added\": {}}]"}}, {"model": "admin.logentry", "pk": 12, "fields": {"action_time": "2025-01-31T15:39:53.037Z", "user": 1, "content_type": 17, "object_id": "6", "object_repr": "Unicorn Gripper (shafts)", "action_flag": 1, "change_message": "[{\"added\": {}}]"}}, {"model": "admin.logentry", "pk": 13, "fields": {"action_time": "2025-01-31T15:40:56.248Z", "user": 1, "content_type": 17, "object_id": "7", "object_repr": "Unicorn Gripper (shafts)", "action_flag": 1, "change_message": "[{\"added\": {}}]"}}, {"model": "admin.logentry", "pk": 14, "fields": {"action_time": "2025-01-31T15:41:28.972Z", "user": 1, "content_type": 17, "object_id": "5", "object_repr": "Unicorn Gripper Shaft (shafts)", "action_flag": 2, "change_message": "[{\"changed\": {\"fields\": [\"Name\"]}}]"}}, {"model": "admin.logentry", "pk": 15, "fields": {"action_time": "2025-01-31T15:41:38.352Z", "user": 1, "content_type": 17, "object_id": "6", "object_repr": "Unicorn Gripper Shaft (shafts)", "action_flag": 2, "change_message": "[{\"changed\": {\"fields\": [\"Name\"]}}]"}}, {"model": "admin.logentry", "pk": 16, "fields": {"action_time": "2025-01-31T15:41:44.152Z", "user": 1, "content_type": 17, "object_id": "7", "object_repr": "Unicorn Gripper Shaft (shafts)", "action_flag": 2, "change_message": "[{\"changed\": {\"fields\": [\"Name\"]}}]"}}, {"model": "admin.logentry", "pk": 17, "fields": {"action_time": "2025-01-31T15:43:13.942Z", "user": 1, "content_type": 17, "object_id": "8", "object_repr": "Designa Aluminium Shaft (shafts)", "action_flag": 1, "change_message": "[{\"added\": {}}]"}}, {"model": "admin.logentry", "pk": 18, "fields": {"action_time": "2025-01-31T15:44:11.712Z", "user": 1, "content_type": 17, "object_id": "9", "object_repr": "Designa Aluminium Shaft (shafts)", "action_flag": 1, "change_message": "[{\"added\": {}}]"}}, {"model": "admin.logentry", "pk": 19, "fields": {"action_time": "2025-01-31T15:44:56.534Z", "user": 1, "content_type": 17, "object_id": "10", "object_repr": "Designa Aluminium Shaft (shafts)", "action_flag": 1, "change_message": "[{\"added\": {}}]"}}, {"model": "admin.logentry", "pk": 20, "fields": {"action_time": "2025-01-31T15:45:06.945Z", "user": 1, "content_type": 17, "object_id": "9", "object_repr": "Designa Aluminium Shaft (shafts)", "action_flag": 2, "change_message": "[{\"changed\": {\"fields\": [\"Description\"]}}]"}}, {"model": "admin.logentry", "pk": 21, "fields": {"action_time": "2025-02-01T14:41:52.137Z", "user": 1, "content_type": 16, "object_id": "11", "object_repr": "Shot Viking Raven Flights (flights)", "action_flag": 1, "change_message": "[{\"added\": {}}]"}}, {"model": "admin.logentry", "pk": 22, "fields": {"action_time": "2025-02-01T14:43:58.355Z", "user": 1, "content_type": 16, "object_id": "12", "object_repr": "Harrows Retina-X (flights)", "action_flag": 1, "change_message": "[{\"added\": {}}]"}}, {"model": "admin.logentry", "pk": 23, "fields": {"action_time": "2025-02-01T14:45:16.279Z", "user": 1, "content_type": 16, "object_id": "13", "object_repr": "Harrows Retina-X (flights)", "action_flag": 1, "change_message": "[{\"added\": {}}]"}}, {"model": "admin.logentry", "pk": 24, "fields": {"action_time": "2025-02-01T14:47:02.620Z", "user": 1, "content_type": 16, "object_id": "14", "object_repr": "Designa Flights (flights)", "action_flag": 1, "change_message": "[{\"added\": {}}]"}}, {"model": "admin.logentry", "pk": 25, "fields": {"action_time": "2025-02-01T14:48:12.350Z", "user": 1, "content_type": 16, "object_id": "15", "object_repr": "Bulls Series 100 (flights)", "action_flag": 1, "change_message": "[{\"added\": {}}]"}}, {"model": "admin.logentry", "pk": 26, "fields": {"action_time": "2025-02-01T14:49:25.350Z", "user": 1, "content_type": 16, "object_id": "16", "object_repr": "Bulls Series 100 (flights)", "action_flag": 1, "change_message": "[{\"added\": {}}]"}}, {"model": "admin.logentry", "pk": 27, "fields": {"action_time": "2025-02-01T14:50:17.357Z", "user": 1, "content_type": 17, "object_id": "10", "object_repr": "Designa Aluminium Shaft (shafts)", "action_flag": 2, "change_message": "[{\"changed\": {\"fields\": [\"Description\"]}}]"}}, {"model": "admin.logentry", "pk": 28, "fields": {"action_time": "2025-02-01T14:50:33.870Z", "user": 1, "content_type": 17, "object_id": "10", "object_repr": "Designa Aluminium Shaft (shafts)", "action_flag": 2, "change_message": "[]"}}, {"model": "admin.logentry", "pk": 29, "fields": {"action_time": "2025-02-01T14:50:40.939Z", "user": 1, "content_type": 17, "object_id": "7", "object_repr": "Unicorn Gripper Shaft (shafts)", "action_flag": 2, "change_message": "[{\"changed\": {\"fields\": [\"Description\"]}}]"}}, {"model": "admin.logentry", "pk": 30, "fields": {"action_time": "2025-02-01T14:50:48.972Z", "user": 1, "content_type": 17, "object_id": "9", "object_repr": "Designa Aluminium Shaft (shafts)", "action_flag": 2, "change_message": "[{\"changed\": {\"fields\": [\"Description\"]}}]"}}, {"model": "admin.logentry", "pk": 31, "fields": {"action_time": "2025-02-01T14:50:54.853Z", "user": 1, "content_type": 17, "object_id": "6", "object_repr": "Unicorn Gripper Shaft (shafts)", "action_flag": 2, "change_message": "[{\"changed\": {\"fields\": [\"Description\"]}}]"}}, {"model": "admin.logentry", "pk": 32, "fields": {"action_time": "2025-02-01T14:51:02.461Z", "user": 1, "content_type": 17, "object_id": "4", "object_repr": "Mission Griplock Shaft (shafts)", "action_flag": 2, "change_message": "[{\"changed\": {\"fields\": [\"Description\"]}}]"}}, {"model": "admin.logentry", "pk": 33, "fields": {"action_time": "2025-02-01T14:51:05.618Z", "user": 1, "content_type": 17, "object_id": "4", "object_repr": "Mission Griplock Shaft (shafts)", "action_flag": 2, "change_message": "[]"}}, {"model": "admin.logentry", "pk": 34, "fields": {"action_time": "2025-02-01T14:51:11.665Z", "user": 1, "content_type": 17, "object_id": "8", "object_repr": "Designa Aluminium Shaft (shafts)", "action_flag": 2, "change_message": "[{\"changed\": {\"fields\": [\"Description\"]}}]"}}, {"model": "admin.logentry", "pk": 35, "fields": {"action_time": "2025-02-01T14:51:18.303Z", "user": 1, "content_type": 17, "object_id": "5", "object_repr": "Unicorn Gripper Shaft (shafts)", "action_flag": 2, "change_message": "[{\"changed\": {\"fields\": [\"Description\"]}}]"}}, {"model": "admin.logentry", "pk": 36, "fields": {"action_time": "2025-02-01T14:51:26.431Z", "user": 1, "content_type": 17, "object_id": "3", "object_repr": "Mission Griplock Shaft (shafts)", "action_flag": 2, "change_message": "[{\"changed\": {\"fields\": [\"Description\"]}}]"}}, {"model": "admin.logentry", "pk": 37, "fields": {"action_time": "2025-02-01T14:51:49.791Z", "user": 1, "content_type": 15, "object_id": "2", "object_repr": "Caliburn Stallion (barrels)", "action_flag": 2, "change_message": "[{\"changed\": {\"fields\": [\"Description\"]}}]"}}, {"model": "admin.logentry", "pk": 38, "fields": {"action_time": "2025-02-01T14:52:08.755Z", "user": 1, "content_type": 15, "object_id": "1", "object_repr": "Caliburn Hunt (barrels)", "action_flag": 2, "change_message": "[{\"changed\": {\"fields\": [\"Description\"]}}]"}}, {"model": "admin.logentry", "pk": 39, "fields": {"action_time": "2025-02-01T14:56:18.809Z", "user": 1, "content_type": 16, "object_id": "13", "object_repr": "Harrows Retina-X (flights)", "action_flag": 2, "change_message": "[{\"changed\": {\"fields\": [\"Description\"]}}]"}}, {"model": "admin.logentry", "pk": 40, "fields": {"action_time": "2025-02-04T12:23:03.267Z", "user": 1, "content_type": 17, "object_id": "6", "object_repr": "Unicorn Gripper Shaft (shafts)", "action_flag": 2, "change_message": "[{\"changed\": {\"fields\": [\"Description\", \"Image\"]}}]"}}, {"model": "admin.logentry", "pk": 41, "fields": {"action_time": "2025-02-04T15:36:09.265Z", "user": 1, "content_type": 17, "object_id": "4", "object_repr": "Mission Griplock Shaft (shafts)", "action_flag": 2, "change_message": "[{\"changed\": {\"fields\": [\"Description\"]}}]"}}, {"model": "admin.logentry", "pk": 42, "fields": {"action_time": "2025-02-04T15:36:16.428Z", "user": 1, "content_type": 17, "object_id": "3", "object_repr": "Mission Griplock Shaft (shafts)", "action_flag": 2, "change_message": "[]"}}, {"model": "admin.logentry", "pk": 43, "fields": {"action_time": "2025-02-04T15:36:20.506Z", "user": 1, "content_type": 17, "object_id": "5", "object_repr": "Unicorn Gripper Shaft (shafts)", "action_flag": 2, "change_message": "[]"}}, {"model": "admin.logentry", "pk": 44, "fields": {"action_time": "2025-02-04T15:36:23.455Z", "user": 1, "content_type": 17, "object_id": "8", "object_repr": "Designa Aluminium Shaft (shafts)", "action_flag": 2, "change_message": "[]"}}, {"model": "admin.logentry", "pk": 45, "fields": {"action_time": "2025-02-04T15:36:26.450Z", "user": 1, "content_type": 17, "object_id": "4", "object_repr": "Mission Griplock Shaft (shafts)", "action_flag": 2, "change_message": "[]"}}, {"model": "admin.logentry", "pk": 46, "fields": {"action_time": "2025-02-04T15:36:29.185Z", "user": 1, "content_type": 17, "object_id": "6", "object_repr": "Unicorn Gripper Shaft (shafts)", "action_flag": 2, "change_message": "[]"}}, {"model": "admin.logentry", "pk": 47, "fields": {"action_time": "2025-02-04T15:36:31.692Z", "user": 1, "content_type": 17, "object_id": "9", "object_repr": "Designa Aluminium Shaft (shafts)", "action_flag": 2, "change_message": "[]"}}, {"model": "admin.logentry", "pk": 48, "fields": {"action_time": "2025-02-04T15:36:34.841Z", "user": 1, "content_type": 17, "object_id": "7", "object_repr": "Unicorn Gripper Shaft (shafts)", "action_flag": 2, "change_message": "[]"}}, {"model": "admin.logentry", "pk": 49, "fields": {"action_time": "2025-02-04T15:36:37.956Z", "user": 1, "content_type": 17, "object_id": "10", "object_repr": "Designa Aluminium Shaft (shafts)", "action_flag": 2, "change_message": "[]"}}, {"model": "admin.logentry", "pk": 50, "fields": {"action_time": "2025-02-11T14:48:09.720Z", "user": 1, "content_type": 18, "object_id": "3", "object_repr": "6505AA528D324E63A13F0A737CC46CD3", "action_flag": 2, "change_message": "[{\"changed\": {\"name\": \"order line item\", \"object\": \"SKU SHA-SH-WH on order 6505AA528D324E63A13F0A737CC46CD3\", \"fields\": [\"Quantity\"]}}]"}}, {"model": "admin.logentry", "pk": 51, "fields": {"action_time": "2025-02-11T14:48:43.385Z", "user": 1, "content_type": 18, "object_id": "3", "object_repr": "6505AA528D324E63A13F0A737CC46CD3", "action_flag": 3, "change_message": ""}}, {"model": "admin.logentry", "pk": 52, "fields": {"action_time": "2025-02-11T14:48:43.393Z", "user": 1, "content_type": 18, "object_id": "2", "object_repr": "7FFAD473519A41EDBBDA79687FE51D53", "action_flag": 3, "change_message": ""}}, {"model": "admin.logentry", "pk": 53, "fields": {"action_time": "2025-02-11T14:48:43.394Z", "user": 1, "content_type": 18, "object_id": "1", "object_repr": "75F4037CCC2647649FE0BB63E3E30B10", "action_flag": 3, "change_message": ""}}, {"model": "admin.logentry", "pk": 54, "fields": {"action_time": "2025-02-15T13:22:18.238Z", "user": 3, "content_type": 4, "object_id": "4", "object_repr": "Craffty", "action_flag": 2, "change_message": "[{\"changed\": {\"fields\": [\"Staff status\", \"Superuser status\"]}}]"}}, {"model": "admin.logentry", "pk": 55, "fields": {"action_time": "2025-02-17T14:11:49.991Z", "user": 4, "content_type": 4, "object_id": "4", "object_repr": "Craffty", "action_flag": 2, "change_message": "[{\"changed\": {\"fields\": [\"First name\", \"Last name\"]}}]"}}, {"model": "admin.logentry", "pk": 56, "fields": {"action_time": "2025-02-17T14:48:03.708Z", "user": 4, "content_type": 4, "object_id": "4", "object_repr": "Craffty", "action_flag": 2, "change_message": "[{\"changed\": {\"fields\": [\"First name\", \"Last name\"]}}]"}}, {"model": "admin.logentry", "pk": 57, "fields": {"action_time": "2025-02-17T15:52:03.216Z", "user": 4, "content_type": 8, "object_id": "3", "object_repr": "admin@artofdarts.com", "action_flag": 1, "change_message": "[{\"added\": {}}]"}}, {"model": "admin.logentry", "pk": 58, "fields": {"action_time": "2025-02-17T15:52:20.836Z", "user": 4, "content_type": 8, "object_id": "3", "object_repr": "admin@artofdarts.com", "action_flag": 2, "change_message": "[{\"changed\": {\"fields\": [\"Verified\", \"Primary\"]}}]"}}, {"model": "admin.logentry", "pk": 59, "fields": {"action_time": "2025-02-18T12:25:33.636Z", "user": 4, "content_type": 18, "object_id": "32", "object_repr": "41595C00963A45ADA39F3FFBD4281064", "action_flag": 3, "change_message": ""}}, {"model": "admin.logentry", "pk": 60, "fields": {"action_time": "2025-02-18T12:25:33.642Z", "user": 4, "content_type": 18, "object_id": "31", "object_repr": "E372E583C4CB4D6B816105CED1341E55", "action_flag": 3, "change_message": ""}}, {"model": "admin.logentry", "pk": 61, "fields": {"action_time": "2025-02-18T12:25:33.643Z", "user": 4, "content_type": 18, "object_id": "30", "object_repr": "8A8DB2F9F56B4EDE8A432D0F9AAE502F", "action_flag": 3, "change_message": ""}}, {"model": "admin.logentry", "pk": 62, "fields": {"action_time": "2025-02-18T12:25:33.643Z", "user": 4, "content_type": 18, "object_id": "29", "object_repr": "A996CB1165FF454089372462C70B968F", "action_flag": 3, "change_message": ""}}, {"model": "admin.logentry", "pk": 63, "fields": {"action_time": "2025-02-18T12:25:33.644Z", "user": 4, "content_type": 18, "object_id": "28", "object_repr": "B01AEDD85143477D87324DCFDB91A2C9", "action_flag": 3, "change_message": ""}}, {"model": "admin.logentry", "pk": 64, "fields": {"action_time": "2025-02-18T12:25:33.644Z", "user": 4, "content_type": 18, "object_id": "27", "object_repr": "EA658BDF605946B89B949CAAE87C3A4B", "action_flag": 3, "change_message": ""}}, {"model": "admin.logentry", "pk": 65, "fields": {"action_time": "2025-02-18T12:25:33.645Z", "user": 4, "content_type": 18, "object_id": "26", "object_repr": "AF7F564BAE91458CA0AB7961ED3F5753", "action_flag": 3, "change_message": ""}}, {"model": "admin.logentry", "pk": 66, "fields": {"action_time": "2025-02-18T12:25:33.646Z", "user": 4, "content_type": 18, "object_id": "25", "object_repr": "6492BD37BECE4816BC545E0C6E222060", "action_flag": 3, "change_message": ""}}, {"model": "admin.logentry", "pk": 67, "fields": {"action_time": "2025-02-18T12:25:33.647Z", "user": 4, "content_type": 18, "object_id": "24", "object_repr": "9326749B2E514491BB0D80B3F7BD1741", "action_flag": 3, "change_message": ""}}, {"model": "admin.logentry", "pk": 68, "fields": {"action_time": "2025-02-18T12:25:33.647Z", "user": 4, "content_type": 18, "object_id": "23", "object_repr": "3F4B6271BAD240CBAA55804DBE49233E", "action_flag": 3, "change_message": ""}}, {"model": "admin.logentry", "pk": 69, "fields": {"action_time": "2025-02-18T12:25:33.648Z", "user": 4, "content_type": 18, "object_id": "22", "object_repr": "8D902AF8676A4286BFB98BA6DE0E8140", "action_flag": 3, "change_message": ""}}, {"model": "admin.logentry", "pk": 70, "fields": {"action_time": "2025-02-18T12:25:33.649Z", "user": 4, "content_type": 18, "object_id": "21", "object_repr": "315876A1694B4AC7890D0F43A7AF82E6", "action_flag": 3, "change_message": ""}}, {"model": "admin.logentry", "pk": 71, "fields": {"action_time": "2025-02-18T12:25:33.649Z", "user": 4, "content_type": 18, "object_id": "20", "object_repr": "2FAB703CA8B443109DD7D3D8FE06A087", "action_flag": 3, "change_message": ""}}, {"model": "admin.logentry", "pk": 72, "fields": {"action_time": "2025-02-18T12:25:33.650Z", "user": 4, "content_type": 18, "object_id": "19", "object_repr": "0765952A079542C8BDD3CC1D61078B7D", "action_flag": 3, "change_message": ""}}, {"model": "admin.logentry", "pk": 73, "fields": {"action_time": "2025-02-18T12:25:33.650Z", "user": 4, "content_type": 18, "object_id": "18", "object_repr": "9068DAFBDB8D458081B25F97EF1C17A7", "action_flag": 3, "change_message": ""}}, {"model": "admin.logentry", "pk": 74, "fields": {"action_time": "2025-02-18T12:25:33.651Z", "user": 4, "content_type": 18, "object_id": "17", "object_repr": "E146BF23E86A4F6194EA3ADC6CA64A8D", "action_flag": 3, "change_message": ""}}, {"model": "admin.logentry", "pk": 75, "fields": {"action_time": "2025-02-18T12:25:33.651Z", "user": 4, "content_type": 18, "object_id": "16", "object_repr": "167C014B42F24BA7BCE50EC2900D7E32", "action_flag": 3, "change_message": ""}}, {"model": "admin.logentry", "pk": 76, "fields": {"action_time": "2025-02-18T12:25:33.652Z", "user": 4, "content_type": 18, "object_id": "15", "object_repr": "CFDBBA15243E45C385C3C613A71D4BCA", "action_flag": 3, "change_message": ""}}, {"model": "admin.logentry", "pk": 77, "fields": {"action_time": "2025-02-18T12:25:33.653Z", "user": 4, "content_type": 18, "object_id": "14", "object_repr": "4F9937547C8147E2B7E2DF05DAC7C410", "action_flag": 3, "change_message": ""}}, {"model": "admin.logentry", "pk": 78, "fields": {"action_time": "2025-02-18T12:25:33.654Z", "user": 4, "content_type": 18, "object_id": "13", "object_repr": "833E0E1A32054BC8A3BC95C54BF55298", "action_flag": 3, "change_message": ""}}, {"model": "admin.logentry", "pk": 79, "fields": {"action_time": "2025-02-18T12:25:33.654Z", "user": 4, "content_type": 18, "object_id": "12", "object_repr": "8BCA543917304470865E8476FBB67C6B", "action_flag": 3, "change_message": ""}}, {"model": "admin.logentry", "pk": 80, "fields": {"action_time": "2025-02-18T12:25:33.655Z", "user": 4, "content_type": 18, "object_id": "11", "object_repr": "2000D53E171C4827B63885E05DBE0FA1", "action_flag": 3, "change_message": ""}}, {"model": "admin.logentry", "pk": 81, "fields": {"action_time": "2025-02-18T12:25:33.655Z", "user": 4, "content_type": 18, "object_id": "10", "object_repr": "C6232A5DAB1F4DC085DD4BFEB912B820", "action_flag": 3, "change_message": ""}}, {"model": "admin.logentry", "pk": 82, "fields": {"action_time": "2025-02-18T12:25:33.656Z", "user": 4, "content_type": 18, "object_id": "9", "object_repr": "073837B380AD425BB0D7059A92D24905", "action_flag": 3, "change_message": ""}}, {"model": "admin.logentry", "pk": 83, "fields": {"action_time": "2025-02-18T12:25:33.656Z", "user": 4, "content_type": 18, "object_id": "8", "object_repr": "4BDE81B7E67445E292A26A1FEABA0291", "action_flag": 3, "change_message": ""}}, {"model": "admin.logentry", "pk": 84, "fields": {"action_time": "2025-02-18T12:25:33.656Z", "user": 4, "content_type": 18, "object_id": "7", "object_repr": "C42412FB5F1F4FBE84C85038A3593CAF", "action_flag": 3, "change_message": ""}}, {"model": "admin.logentry", "pk": 85, "fields": {"action_time": "2025-02-18T12:25:33.657Z", "user": 4, "content_type": 18, "object_id": "6", "object_repr": "244D1668DF564E24809892806DCA1777", "action_flag": 3, "change_message": ""}}, {"model": "admin.logentry", "pk": 86, "fields": {"action_time": "2025-02-18T12:25:33.657Z", "user": 4, "content_type": 18, "object_id": "5", "object_repr": "DA08DA5A281E463DA2DC9F19FEF241AF", "action_flag": 3, "change_message": ""}}, {"model": "admin.logentry", "pk": 87, "fields": {"action_time": "2025-02-18T12:25:33.658Z", "user": 4, "content_type": 18, "object_id": "4", "object_repr": "29C2A559C24045F2BC0FDD4345414ADD", "action_flag": 3, "change_message": ""}}, {"model": "admin.logentry", "pk": 88, "fields": {"action_time": "2025-02-18T16:01:05.348Z", "user": 4, "content_type": 14, "object_id": "17", "object_repr": "Test Barrel (barrels)", "action_flag": 3, "change_message": ""}}, {"model": "admin.logentry", "pk": 89, "fields": {"action_time": "2025-02-18T16:01:05.350Z", "user": 4, "content_type": 14, "object_id": "18", "object_repr": "Test Flight (flights)", "action_flag": 3, "change_message": ""}}, {"model": "admin.logentry", "pk": 90, "fields": {"action_time": "2025-02-18T16:41:18.855Z", "user": 4, "content_type": 14, "object_id": "19", "object_repr": "Test Flight (flights)", "action_flag": 2, "change_message": "[{\"changed\": {\"fields\": [\"Sku\"]}}]"}}, {"model": "admin.logentry", "pk": 91, "fields": {"action_time": "2025-02-18T17:10:09.026Z", "user": 4, "content_type": 14, "object_id": "22", "object_repr": "Test Barrel 2 (barrels)", "action_flag": 3, "change_message": ""}}, {"model": "admin.logentry", "pk": 92, "fields": {"action_time": "2025-02-18T17:10:09.031Z", "user": 4, "content_type": 14, "object_id": "20", "object_repr": "Test Barrel (barrels)", "action_flag": 3, "change_message": ""}}, {"model": "admin.logentry", "pk": 93, "fields": {"action_time": "2025-02-18T17:10:09.032Z", "user": 4, "content_type": 14, "object_id": "23", "object_repr": "Test Flight2 (flights)", "action_flag": 3, "change_message": ""}}, {"model": "admin.logentry", "pk": 94, "fields": {"action_time": "2025-02-18T17:10:09.032Z", "user": 4, "content_type": 14, "object_id": "19", "object_repr": "Test Flight (flights)", "action_flag": 3, "change_message": ""}}, {"model": "admin.logentry", "pk": 95, "fields": {"action_time": "2025-02-18T17:10:09.033Z", "user": 4, "content_type": 14, "object_id": "24", "object_repr": "Test Shaft2 (shafts)", "action_flag": 3, "change_message": ""}}, {"model": "admin.logentry", "pk": 96, "fields": {"action_time": "2025-02-18T17:10:09.033Z", "user": 4, "content_type": 14, "object_id": "21", "object_repr": "Test Shaft (shafts)", "action_flag": 3, "change_message": ""}}, {"model": "admin.logentry", "pk": 97, "fields": {"action_time": "2025-02-19T14:53:17.472Z", "user": 4, "content_type": 15, "object_id": "25", "object_repr": "Test Barrel (barrels)", "action_flag": 3, "change_message": ""}}, {"model": "auth.permission", "pk": 1, "fields": {"name": "Can add log entry", "content_type": 1, "codename": "add_logentry"}}, {"model": "auth.permission", "pk": 2, "fields": {"name": "Can change log entry", "content_type": 1, "codename": "change_logentry"}}, {"model": "auth.permission", "pk": 3, "fields": {"name": "Can delete log entry", "content_type": 1, "codename": "delete_logentry"}}, {"model": "auth.permission", "pk": 4, "fields": {"name": "Can view log entry", "content_type": 1, "codename": "view_logentry"}}, {"model": "auth.permission", "pk": 5, "fields": {"name": "Can add permission", "content_type": 2, "codename": "add_permission"}}, {"model": "auth.permission", "pk": 6, "fields": {"name": "Can change permission", "content_type": 2, "codename": "change_permission"}}, {"model": "auth.permission", "pk": 7, "fields": {"name": "Can delete permission", "content_type": 2, "codename": "delete_permission"}}, {"model": "auth.permission", "pk": 8, "fields": {"name": "Can view permission", "content_type": 2, "codename": "view_permission"}}, {"model": "auth.permission", "pk": 9, "fields": {"name": "Can add group", "content_type": 3, "codename": "add_group"}}, {"model": "auth.permission", "pk": 10, "fields": {"name": "Can change group", "content_type": 3, "codename": "change_group"}}, {"model": "auth.permission", "pk": 11, "fields": {"name": "Can delete group", "content_type": 3, "codename": "delete_group"}}, {"model": "auth.permission", "pk": 12, "fields": {"name": "Can view group", "content_type": 3, "codename": "view_group"}}, {"model": "auth.permission", "pk": 13, "fields": {"name": "Can add user", "content_type": 4, "codename": "add_user"}}, {"model": "auth.permission", "pk": 14, "fields": {"name": "Can change user", "content_type": 4, "codename": "change_user"}}, {"model": "auth.permission", "pk": 15, "fields": {"name": "Can delete user", "content_type": 4, "codename": "delete_user"}}, {"model": "auth.permission", "pk": 16, "fields": {"name": "Can view user", "content_type": 4, "codename": "view_user"}}, {"model": "auth.permission", "pk": 17, "fields": {"name": "Can add content type", "content_type": 5, "codename": "add_contenttype"}}, {"model": "auth.permission", "pk": 18, "fields": {"name": "Can change content type", "content_type": 5, "codename": "change_contenttype"}}, {"model": "auth.permission", "pk": 19, "fields": {"name": "Can delete content type", "content_type": 5, "codename": "delete_contenttype"}}, {"model": "auth.permission", "pk": 20, "fields": {"name": "Can view content type", "content_type": 5, "codename": "view_contenttype"}}, {"model": "auth.permission", "pk": 21, "fields": {"name": "Can add session", "content_type": 6, "codename": "add_session"}}, {"model": "auth.permission", "pk": 22, "fields": {"name": "Can change session", "content_type": 6, "codename": "change_session"}}, {"model": "auth.permission", "pk": 23, "fields": {"name": "Can delete session", "content_type": 6, "codename": "delete_session"}}, {"model": "auth.permission", "pk": 24, "fields": {"name": "Can view session", "content_type": 6, "codename": "view_session"}}, {"model": "auth.permission", "pk": 25, "fields": {"name": "Can add site", "content_type": 7, "codename": "add_site"}}, {"model": "auth.permission", "pk": 26, "fields": {"name": "Can change site", "content_type": 7, "codename": "change_site"}}, {"model": "auth.permission", "pk": 27, "fields": {"name": "Can delete site", "content_type": 7, "codename": "delete_site"}}, {"model": "auth.permission", "pk": 28, "fields": {"name": "Can view site", "content_type": 7, "codename": "view_site"}}, {"model": "auth.permission", "pk": 29, "fields": {"name": "Can add email address", "content_type": 8, "codename": "add_emailaddress"}}, {"model": "auth.permission", "pk": 30, "fields": {"name": "Can change email address", "content_type": 8, "codename": "change_emailaddress"}}, {"model": "auth.permission", "pk": 31, "fields": {"name": "Can delete email address", "content_type": 8, "codename": "delete_emailaddress"}}, {"model": "auth.permission", "pk": 32, "fields": {"name": "Can view email address", "content_type": 8, "codename": "view_emailaddress"}}, {"model": "auth.permission", "pk": 33, "fields": {"name": "Can add email confirmation", "content_type": 9, "codename": "add_emailconfirmation"}}, {"model": "auth.permission", "pk": 34, "fields": {"name": "Can change email confirmation", "content_type": 9, "codename": "change_emailconfirmation"}}, {"model": "auth.permission", "pk": 35, "fields": {"name": "Can delete email confirmation", "content_type": 9, "codename": "delete_emailconfirmation"}}, {"model": "auth.permission", "pk": 36, "fields": {"name": "Can view email confirmation", "content_type": 9, "codename": "view_emailconfirmation"}}, {"model": "auth.permission", "pk": 37, "fields": {"name": "Can add social account", "content_type": 10, "codename": "add_socialaccount"}}, {"model": "auth.permission", "pk": 38, "fields": {"name": "Can change social account", "content_type": 10, "codename": "change_socialaccount"}}, {"model": "auth.permission", "pk": 39, "fields": {"name": "Can delete social account", "content_type": 10, "codename": "delete_socialaccount"}}, {"model": "auth.permission", "pk": 40, "fields": {"name": "Can view social account", "content_type": 10, "codename": "view_socialaccount"}}, {"model": "auth.permission", "pk": 41, "fields": {"name": "Can add social application", "content_type": 11, "codename": "add_socialapp"}}, {"model": "auth.permission", "pk": 42, "fields": {"name": "Can change social application", "content_type": 11, "codename": "change_socialapp"}}, {"model": "auth.permission", "pk": 43, "fields": {"name": "Can delete social application", "content_type": 11, "codename": "delete_socialapp"}}, {"model": "auth.permission", "pk": 44, "fields": {"name": "Can view social application", "content_type": 11, "codename": "view_socialapp"}}, {"model": "auth.permission", "pk": 45, "fields": {"name": "Can add social application token", "content_type": 12, "codename": "add_socialtoken"}}, {"model": "auth.permission", "pk": 46, "fields": {"name": "Can change social application token", "content_type": 12, "codename": "change_socialtoken"}}, {"model": "auth.permission", "pk": 47, "fields": {"name": "Can delete social application token", "content_type": 12, "codename": "delete_socialtoken"}}, {"model": "auth.permission", "pk": 48, "fields": {"name": "Can view social application token", "content_type": 12, "codename": "view_socialtoken"}}, {"model": "auth.permission", "pk": 49, "fields": {"name": "Can add category", "content_type": 13, "codename": "add_category"}}, {"model": "auth.permission", "pk": 50, "fields": {"name": "Can change category", "content_type": 13, "codename": "change_category"}}, {"model": "auth.permission", "pk": 51, "fields": {"name": "Can delete category", "content_type": 13, "codename": "delete_category"}}, {"model": "auth.permission", "pk": 52, "fields": {"name": "Can view category", "content_type": 13, "codename": "view_category"}}, {"model": "auth.permission", "pk": 53, "fields": {"name": "Can add product", "content_type": 14, "codename": "add_product"}}, {"model": "auth.permission", "pk": 54, "fields": {"name": "Can change product", "content_type": 14, "codename": "change_product"}}, {"model": "auth.permission", "pk": 55, "fields": {"name": "Can delete product", "content_type": 14, "codename": "delete_product"}}, {"model": "auth.permission", "pk": 56, "fields": {"name": "Can view product", "content_type": 14, "codename": "view_product"}}, {"model": "auth.permission", "pk": 57, "fields": {"name": "Can add barrel", "content_type": 15, "codename": "add_barrel"}}, {"model": "auth.permission", "pk": 58, "fields": {"name": "Can change barrel", "content_type": 15, "codename": "change_barrel"}}, {"model": "auth.permission", "pk": 59, "fields": {"name": "Can delete barrel", "content_type": 15, "codename": "delete_barrel"}}, {"model": "auth.permission", "pk": 60, "fields": {"name": "Can view barrel", "content_type": 15, "codename": "view_barrel"}}, {"model": "auth.permission", "pk": 61, "fields": {"name": "Can add flight", "content_type": 16, "codename": "add_flight"}}, {"model": "auth.permission", "pk": 62, "fields": {"name": "Can change flight", "content_type": 16, "codename": "change_flight"}}, {"model": "auth.permission", "pk": 63, "fields": {"name": "Can delete flight", "content_type": 16, "codename": "delete_flight"}}, {"model": "auth.permission", "pk": 64, "fields": {"name": "Can view flight", "content_type": 16, "codename": "view_flight"}}, {"model": "auth.permission", "pk": 65, "fields": {"name": "Can add stem", "content_type": 17, "codename": "add_stem"}}, {"model": "auth.permission", "pk": 66, "fields": {"name": "Can change stem", "content_type": 17, "codename": "change_stem"}}, {"model": "auth.permission", "pk": 67, "fields": {"name": "Can delete stem", "content_type": 17, "codename": "delete_stem"}}, {"model": "auth.permission", "pk": 68, "fields": {"name": "Can view stem", "content_type": 17, "codename": "view_stem"}}, {"model": "auth.permission", "pk": 69, "fields": {"name": "Can add order", "content_type": 18, "codename": "add_order"}}, {"model": "auth.permission", "pk": 70, "fields": {"name": "Can change order", "content_type": 18, "codename": "change_order"}}, {"model": "auth.permission", "pk": 71, "fields": {"name": "Can delete order", "content_type": 18, "codename": "delete_order"}}, {"model": "auth.permission", "pk": 72, "fields": {"name": "Can view order", "content_type": 18, "codename": "view_order"}}, {"model": "auth.permission", "pk": 73, "fields": {"name": "Can add order line item", "content_type": 19, "codename": "add_orderlineitem"}}, {"model": "auth.permission", "pk": 74, "fields": {"name": "Can change order line item", "content_type": 19, "codename": "change_orderlineitem"}}, {"model": "auth.permission", "pk": 75, "fields": {"name": "Can delete order line item", "content_type": 19, "codename": "delete_orderlineitem"}}, {"model": "auth.permission", "pk": 76, "fields": {"name": "Can view order line item", "content_type": 19, "codename": "view_orderlineitem"}}, {"model": "auth.permission", "pk": 77, "fields": {"name": "Can add user profile", "content_type": 20, "codename": "add_userprofile"}}, {"model": "auth.permission", "pk": 78, "fields": {"name": "Can change user profile", "content_type": 20, "codename": "change_userprofile"}}, {"model": "auth.permission", "pk": 79, "fields": {"name": "Can delete user profile", "content_type": 20, "codename": "delete_userprofile"}}, {"model": "auth.permission", "pk": 80, "fields": {"name": "Can view user profile", "content_type": 20, "codename": "view_userprofile"}}, {"model": "auth.user", "pk": 1, "fields": {"password": "pbkdf2_sha256$260000$9LC0RMggQtneM0UTOzNh4r$dtJLGj7B1k/PavJJ0fVsdOAU4R1ovh51hhVq6r8QKKE=", "last_login": "2025-02-14T16:27:30.359Z", "is_superuser": true, "username": "CamAdmin", "first_name": "", "last_name": "", "email": "cameron.rafferty@hotmail.co.uk", "is_staff": true, "is_active": true, "date_joined": "2025-01-28T16:58:06.417Z", "groups": [], "user_permissions": []}}, {"model": "auth.user", "pk": 2, "fields": {"password": "pbkdf2_sha256$260000$rw4XqecoB3N0h0hjurwhzw$Yv4p78VBbeP/LC9rIdaAjc4Dn3wzSX7iy+tfoxhGAow=", "last_login": "2025-01-30T15:08:56.639Z", "is_superuser": true, "username": "cameronrafferty", "first_name": "", "last_name": "", "email": "cameron.rafferty@hotmail.co.uk", "is_staff": true, "is_active": true, "date_joined": "2025-01-30T15:08:41.065Z", "groups": [], "user_permissions": []}}, {"model": "auth.user", "pk": 3, "fields": {"password": "pbkdf2_sha256$260000$FqyGcnSYQG0cZ5S76wL6Hv$ag1dgKPRKBvc2gaKMd7rccZDHqi4+isOB/O2qaYbYO8=", "last_login": "2025-02-15T13:21:59.922Z", "is_superuser": true, "username": "AODAdmin", "first_name": "", "last_name": "", "email": "cameron.rafferty@hotmail.co.uk", "is_staff": true, "is_active": true, "date_joined": "2025-02-14T16:30:36.906Z", "groups": [], "user_permissions": []}}, {"model": "auth.user", "pk": 4, "fields": {"password": "pbkdf2_sha256$260000$4HsKbL0mM6MUGgfvnAb6az$YAVQu7DsrtVaEnsvSz1N7HgOdX9GIRuEUWoWruNjOz8=", "last_login": "2025-02-18T15:46:57.800Z", "is_superuser": true, "username": "Craffty", "first_name": "", "last_name": "", "email": "cameron-riff-raff@hotmail.co.uk", "is_staff": true, "is_active": true, "date_joined": "2025-02-14T16:35:43Z", "groups": [], "user_permissions": []}}, {"model": "auth.user", "pk": 5, "fields": {"password": "pbkdf2_sha256$260000$HBuSMnd7yiLD1HMhOFZFvm$tmIoOWuRWjcfOG8yrh+Hcc3+YGNBBdB9x1NX4z0M95g=", "last_login": "2025-02-21T11:46:28.027Z", "is_superuser": false, "username": "Random", "first_name": "", "last_name": "", "email": "random@gmail.com", "is_staff": false, "is_active": true, "date_joined": "2025-02-21T11:45:42.367Z", "groups": [], "user_permissions": []}}, {"model": "contenttypes.contenttype", "pk": 1, "fields": {"app_label": "admin", "model": "logentry"}}, {"model": "contenttypes.contenttype", "pk": 2, "fields": {"app_label": "auth", "model": "permission"}}, {"model": "contenttypes.contenttype", "pk": 3, "fields": {"app_label": "auth", "model": "group"}}, {"model": "contenttypes.contenttype", "pk": 4, "fields": {"app_label": "auth", "model": "user"}}, {"model": "contenttypes.contenttype", "pk": 5, "fields": {"app_label": "contenttypes", "model": "contenttype"}}, {"model": "contenttypes.contenttype", "pk": 6, "fields": {"app_label": "sessions", "model": "session"}}, {"model": "contenttypes.contenttype", "pk": 7, "fields": {"app_label": "sites", "model": "site"}}, {"model": "contenttypes.contenttype", "pk": 8, "fields": {"app_label": "account", "model": "emailaddress"}}, {"model": "contenttypes.contenttype", "pk": 9, "fields": {"app_label": "account", "model": "emailconfirmation"}}, {"model": "contenttypes.contenttype", "pk": 10, "fields": {"app_label": "socialaccount", "model": "socialaccount"}}, {"model": "contenttypes.contenttype", "pk": 11, "fields": {"app_label": "socialaccount", "model": "socialapp"}}, {"model": "contenttypes.contenttype", "pk": 12, "fields": {"app_label": "socialaccount", "model": "socialtoken"}}, {"model": "contenttypes.contenttype", "pk": 13, "fields": {"app_label": "products", "model": "category"}}, {"model": "contenttypes.contenttype", "pk": 14, "fields": {"app_label": "products", "model": "product"}}, {"model": "contenttypes.contenttype", "pk": 15, "fields": {"app_label": "products", "model": "barrel"}}, {"model": "contenttypes.contenttype", "pk": 16, "fields": {"app_label": "products", "model": "flight"}}, {"model": "contenttypes.contenttype", "pk": 17, "fields": {"app_label": "products", "model": "stem"}}, {"model": "contenttypes.contenttype", "pk": 18, "fields": {"app_label": "checkout", "model": "order"}}, {"model": "contenttypes.contenttype", "pk": 19, "fields": {"app_label": "checkout", "model": "orderlineitem"}}, {"model": "contenttypes.contenttype", "pk": 20, "fields": {"app_label": "profiles", "model": "userprofile"}}, {"model": "sessions.session", "pk": "0680sw1wlom89i00z8gjjjnecnasl2y4", "fields": {"session_data": ".eJxVjMEOwiAQRP-FsyFdSoF69O43EJZdpGogKe3J-O9K0oPeJvPezEv4sG_Z741Xv5A4CxCn3w5DfHDpgO6h3KqMtWzrgrIr8qBNXivx83K4fwc5tPxdj0kHGmeFaXSo2YGJlKxSjpjRqKRU0GCHIU5I8xSxR0CLBDZaAyzeH_b1OFI:1tdrj6:OTy-SSkb01agmg3-w3nKzIjJ2JEKVkz6myfgS-edWEI", "expire_date": "2025-02-14T14:10:32.411Z"}}, {"model": "sessions.session", "pk": "0o49zcabginxlugmc8dr0kkwvyzkjj00", "fields": {"session_data": ".eJxVjs0KwyAQhN_Fc5Bofkw99t5nENddE9uiJSbQEvLujZBDextmvhlmY8auy2TWTLMJyDQTrPr1wLoHxRLg3cYxcZfiMgfgBeFnmvktIT2vJ_s3MNk8He3GtxabiwTfDNDSIHqHXkk5IBH00ktpW6Hq2nWAl85BkQIUoFBO9YLKaKacQ4qG3q8wf5iuKwZ2ZHo7Tmu57185ukM8:1thUf2:hTFNGQjqo2D717YAGKIz1zIVLz666x3BHH475GgIUF0", "expire_date": "2025-02-24T14:21:20.963Z"}}, {"model": "sessions.session", "pk": "18v5274ex2hw6tn45upqac8htqqslyuh", "fields": {"session_data": ".eJxVjMsOwiAQRf-FtSEjDo926d5vIANDLWrAlDbRGP9dm3Sh23vOPS_haZlHv7Q0-cyiF3ux-90CxWsqK-ALlXOVsZZ5ykGuitxok6fK6Xbc3L_ASG38vh2T1hYQCDg5fVAWNaCKrAKgUaQH41QkihBoQNdRRxitNhEY7ZDMGm2ptVyLT497np6ih_cHcs4-_g:1td5Wx:BRUeoVR-xtJmGJLUGE5JKW_FnqYIN1vmOYWUnRCypZI", "expire_date": "2025-02-12T10:42:47.802Z"}}, {"model": "sessions.session", "pk": "2xd0acoewvz8aqxd9fwb93ov9kzqzu16", "fields": {"session_data": ".eJxVjMsOwiAQRf-FtSEjDo926d5vIANDLWrAlDbRGP9dm3Sh23vOPS_haZlHv7Q0-cyiF3ux-90CxWsqK-ALlXOVsZZ5ykGuitxok6fK6Xbc3L_ASG38vh2T1hYQCDg5fVAWNaCKrAKgUaQH41QkihBoQNdRRxitNhEY7ZDMGm2ptVyLT497np6ih_cHcs4-_g:1td64u:dM_Q4oxvI2QzlF5SJmzR4U_k5tHI7uMgtRXnlwFK3xk", "expire_date": "2025-02-12T11:17:52.723Z"}}, {"model": "sessions.session", "pk": "2yuldifs8wmjo8ig05e2rdzviy2meiiv", "fields": {"session_data": "eyJiYWciOnsiMSI6MTV9fQ:1tg2d2:LFocm4KQ0crub-UtyOb26oioq53Wdb-GDRyBPqCTzYI", "expire_date": "2025-02-20T14:13:16.785Z"}}, {"model": "sessions.session", "pk": "3uq1f3pepinuvsme31an5mfo77d8wht8", "fields": {"session_data": "eyJiYWciOnsiMTQiOjl9fQ:1tfLHN:swUWcrJySl5_wHxDC9dlB7Si87NCGTidGKwb5U1KgZ0", "expire_date": "2025-02-18T15:56:01.196Z"}}, {"model": "sessions.session", "pk": "4aju6cq9v0kp6sfks435zcis9yg3yoa8", "fields": {"session_data": "eyJiYWciOnsiMSI6Mn19:1thW0y:hZ3SuPI76mzBfS8U37peKAcqQcHnwWMQXOzegnerNks", "expire_date": "2025-02-24T15:48:04.022Z"}}, {"model": "sessions.session", "pk": "4fckgfbn0rutwmv77826497o8dp81xf1", "fields": {"session_data": ".eJxljE0OwiAYBe_CummgBVq6dO8ZCD8fFkUwUIzGeHetaUyM25l574GUManGRV4he-fBSjgrH9AUawjN19YCGU2IoQZJVZf5A6S3_0wrc4K4CntU8ZBak-KSvW7XpN1saffJQtht7c_BrMr8XmtsOHOiM8wyp6juNRZ4xIIMPTDeUwcYKHRsFIPC1BFOKOOiEyMxlFBw62mBUnyKEm4Xn-9ows8XXMZPwA:1tlRUS:Q_smmzt7Y5g6Ennvetm00n0Lg4BVeRLbxsFwze-KqDg", "expire_date": "2025-03-07T11:46:44.285Z"}}, {"model": "sessions.session", "pk": "4hnjma7o4bdahm376tmzqdngfg70w5pl", "fields": {"session_data": "eyJiYWciOnsiMyI6MTN9fQ:1tfLV7:n5ioX9rHgHW7qqC3Mtqra9TNHnARLaatTa_Ay-m_PqY", "expire_date": "2025-02-18T16:10:13.446Z"}}, {"model": "sessions.session", "pk": "4mktklh0mmdfalnmppoka99o9lkx66y6", "fields": {"session_data": ".eJxVjMsOwiAQRf-FtSE8S9ule7-BMMxgUQOmtInG-O_apAvd3nPueTEf1mXya6PZZ2QjM-zwu0GIVyobwEso58pjLcucgW8K32njp4p0O-7uX2AKbfq-NfQKDeCAFoIEY1PU1vWKZGcw2mQHCSi0QNNJJaKjkHTqlHbkkunBbdFGreVaPD3ueX6yUbw_mrY_QA:1tjIB4:RxHi9l5hp12Tnnm_69m2K0QcDXBj8GHj2ch1iCYSrvM", "expire_date": "2025-03-01T13:25:50.588Z"}}, {"model": "sessions.session", "pk": "6tiev52xjpob931qdjdl94f72kx2avcu", "fields": {"session_data": "eyJiYWciOnsiNiI6Mn19:1tfyj6:rtPBrdf5uKkbMMFTZOiYFrUKVNh16UCst-RR9ooae9E", "expire_date": "2025-02-20T10:03:16.847Z"}}, {"model": "sessions.session", "pk": "809xwxekh08lndw0caup57h49xc22yy1", "fields": {"session_data": ".eJyrVkpKTFeyqlYyVLIy1FEyApPGYNIETJqDSUMIx9AUSNXWAgA4KAs2:1thoDj:I2ZKcsyqWyj9UmSIaa_w3mEsNGpysm9Q9qRiQdPFx8A", "expire_date": "2025-02-25T11:14:27.459Z"}}, {"model": "sessions.session", "pk": "84xe8syj1kj0lg0dvn0tedl220rs64i5", "fields": {"session_data": "eyJiYWciOnsiMSI6M319:1tg2dd:Yy_2uB6Vl-Lqb094M8lzKK3ibASUt_-le4-Ro-Vb5js", "expire_date": "2025-02-20T14:13:53.794Z"}}, {"model": "sessions.session", "pk": "8fohc4ncc8ej7cz7fg4zmaahicvclgm0", "fields": {"session_data": "eyJiYWciOnsiMSI6MX19:1tg1oK:ORy1x-NEqhHT8qJ0cZQe_-lcXFpJ5sEv3s51AfEUUD4", "expire_date": "2025-02-20T13:20:52.802Z"}}, {"model": "sessions.session", "pk": "8pnjofglbdz9z5c86eh8g1mzuaf5gt46", "fields": {"session_data": "eyJiYWciOnsiMSI6MSwiMTEiOjEsIjgiOjF9fQ:1tfH4F:dq9-IdvH7PpNyPBsoY0TvMXC9fgdfSe40ab_8eV-W0E", "expire_date": "2025-02-18T11:26:11.437Z"}}, {"model": "sessions.session", "pk": "96q4lrmouwzj76na9y44onrqe0tj0ui6", "fields": {"session_data": "eyJiYWciOnsiMTMiOjEsIjE2IjoxfX0:1thoOu:QyDH_xaIrv_NisDDXewmVfWMjwHHjPkwF5ZdfCXUSxY", "expire_date": "2025-02-25T11:26:00.512Z"}}, {"model": "sessions.session", "pk": "9qgxswandsyuothet8zwtdmekhq5kdl4", "fields": {"session_data": "eyJiYWciOnsiMTIiOjF9fQ:1tg0VZ:SFx7BSx9vR1Z1E-nnpx-3terDmyNvaLvbZ7oP0t1wKQ", "expire_date": "2025-02-20T11:57:25.618Z"}}, {"model": "sessions.session", "pk": "b14oqtdrg4kado0smsx6854xi4it32ny", "fields": {"session_data": "e30:1tiyWJ:6GUazsb-WZZVXSDDbyrf7pPPoTcHH5VxTfm1UvEC_Q4", "expire_date": "2025-02-28T16:26:27.723Z"}}, {"model": "sessions.session", "pk": "binupd80rndj5d11d183wp82rt7cwadr", "fields": {"session_data": ".eJxVjMEOwiAQRP-FsyFdSoF69O43EJZdpGogKe3J-O9K0oPeJvPezEv4sG_Z741Xv5A4CxCn3w5DfHDpgO6h3KqMtWzrgrIr8qBNXivx83K4fwc5tPxdj0kHGmeFaXSo2YGJlKxSjpjRqKRU0GCHIU5I8xSxR0CLBDZaAyzeH_b1OFI:1tdYM4:u8sDkMxez3xmWLoLzjCN38Df0Hye2x3KE8_Riyl5Ju0", "expire_date": "2025-02-13T17:29:28.601Z"}}, {"model": "sessions.session", "pk": "fr8x2evzxo89ju9l3uznpyuov52hxoag", "fields": {"session_data": ".eJxVjMEOwiAQRP-FsyFdSoF69O43EJZdpGogKe3J-O9K0oPeJvPezEv4sG_Z741Xv5A4CxCn3w5DfHDpgO6h3KqMtWzrgrIr8qBNXivx83K4fwc5tPxdj0kHGmeFaXSo2YGJlKxSjpjRqKRU0GCHIU5I8xSxR0CLBDZaAyzeH_b1OFI:1tdpoT:auOuMphptiZTD9tSyA9LNkkgR6BzLts_Pdba8mAMN7o", "expire_date": "2025-02-14T12:07:57.441Z"}}, {"model": "sessions.session", "pk": "g77cl1a8c83opxase30oxxnid2akaii4", "fields": {"session_data": "e30:1tiyXK:etrD6Lma3vd6PXFpqTMT_RcOmVCJQQGhdVG4J1xK6TY", "expire_date": "2025-02-28T16:27:30.354Z"}}, {"model": "sessions.session", "pk": "gky8i2e7j1af3mc44qbpirn6zmtzqbaz", "fields": {"session_data": "eyJiYWciOnsiMTQiOjEzfX0:1tfLOw:ihqOer_31JQhKjsgn7QyLK_S25ptWmIlZZ-OS0E9XYI", "expire_date": "2025-02-18T16:03:50.789Z"}}, {"model": "sessions.session", "pk": "h7rvvf3cbbfffamr1yq6095818b80nle", "fields": {"session_data": ".eJxVjMsOhCAMRf-la0MsIiDL2c83GEpB5xFNfKyM_z7KuHFz2vTc2w3Id-A2QHBYANZ56EyTaTObv67Aqb2A1q9L365znNoXgzvKtxv58InDKfjth24UYRyW6UXijIjLzuI5cvw-ruztQe_n_mhXSXmuGkmpsqSiRR04GSktx0haJim9QlOWoSZu6kDnimSI0QSjMcL-AyTmQss:1tfKuE:6oqqCNhahBDPk-p_nWSFWAiekEOTFXQUSoV0pQ4Mvqk", "expire_date": "2025-02-18T15:32:06.494Z"}}, {"model": "sessions.session", "pk": "hldnb7zof4wa9njwp23h38nk6wgppmom", "fields": {"session_data": "eyJiYWciOnsiMSI6NX19:1tg2fD:whwmaeRMpOAm0dHGlvqaOO1Yf1YRJPFemDnGXpBYLUs", "expire_date": "2025-02-20T14:15:31.866Z"}}, {"model": "sessions.session", "pk": "ka51cbjbsbduj31snplqumxfg9luyqwb", "fields": {"session_data": "eyJiYWciOnsiMTQiOjF9fQ:1tfyew:sd5Lvpu9fbGXjdtTJ4z2qrI2ISxTm5g8qR5PfjeS5kE", "expire_date": "2025-02-20T09:58:58.093Z"}}, {"model": "sessions.session", "pk": "kklo2yaa2kxot202w3timm0jhk8vr8so", "fields": {"session_data": "eyJiYWciOnsiMTQiOjEzfX0:1tfLKP:iCHjY1biyls9NPNmWyUfm_ObboLmfq2XGm-BSTqfFis", "expire_date": "2025-02-18T15:59:09.122Z"}}, {"model": "sessions.session", "pk": "kt64clu246610ak5ibez9ot58s58s0a9", "fields": {"session_data": ".eJyrVkpKTFeyqlYyVLIy0lEyVrIyNNBRMjSE0CZASkfJFEyagUlzMGkBJGtrAYgmDHo:1tho9I:fCQgc9UXtt7I75DKAPE_dGDI7ItARSj2JNZJavvl9KA", "expire_date": "2025-02-25T11:09:52.387Z"}}, {"model": "sessions.session", "pk": "l0r2tikryciekxexfmgl4hxdcx60ww67", "fields": {"session_data": "eyJiYWciOnsiMyI6MTF9fQ:1tg24r:vReDClnhHUlu-qUueSFdwrfE-8UtgxGCPeBaCS4kYAU", "expire_date": "2025-02-20T13:37:57.918Z"}}, {"model": "sessions.session", "pk": "lwlihbezav03viaqrfy2zav0apyyti5i", "fields": {"session_data": "eyJiYWciOnsiMSI6Mn19:1tg1sE:gxotQ5p70E27mKb7dnZhVsTnNk6Nvsed57a4paFiERM", "expire_date": "2025-02-20T13:24:54.014Z"}}, {"model": "sessions.session", "pk": "lxtt5ooxro57b7yib43i7p3sczsukg58", "fields": {"session_data": ".eJxVjMsOgjAQRf9l1qShLwos3fsNTaczBdSAoZBoCP-uJCx0e8-5ZwMf1qX3a-bZDwQtGCh-NwzxzuMB6BbGbhJxGpd5QHEo4qRZXCfix-V0_wJ9yP33rbFWZJAashgkGpuitq5WLCtD0SbbSKRSl2QqqcroOCSdKqUdu2RqdEc0c87DNHp-PYf5DW1ZAIYO2g0ktHLfPyhoQuw:1tk2Pw:w-S57uDgxwQF7m55_OBopAE0aBtl5VuMwET7eI8Mtlc", "expire_date": "2025-03-03T14:48:16.383Z"}}, {"model": "sessions.session", "pk": "msvr5arbw7p1biiwzxkjhoqhtad8oygw", "fields": {"session_data": ".eJxVjEEOgyAURO_y1w0RULEsu-8ZCB8-SttAI5q0Md69JXHjbjLz5m2AdgS9gQAt9wsYuy6TWQvNJnrQwOHUoXVPSnXwD5vGzFxOyxyRVYQda2H37Ol1O9iTYLJl-r9laK2XV4FBDtjSwHvngxJi8ETYiyCEbblqGtehv3YOa-So0HPlVM-pSguVEnMy9HnH-Qu62X-G-kM-:1tfyvX:oQLjwePPxTtJh_3_H2paaDcKE6gklrva0OKbTY6Bm5M", "expire_date": "2025-02-20T10:16:07.271Z"}}, {"model": "sessions.session", "pk": "nu4ib101xylg8zfnoac9486w35aig9s1", "fields": {"session_data": "eyJiYWciOnsiMyI6M319:1tg1xJ:KuyY0ek3aeyabCyZ7SuWIwuY37EufloWMCrpBqK_5gI", "expire_date": "2025-02-20T13:30:09.260Z"}}, {"model": "sessions.session", "pk": "omws90nwp4ewap2oesg9l9y44cil4qdd", "fields": {"session_data": "eyJiYWciOnsiMyI6OCwiMSI6MSwiNCI6MiwiMiI6MX19:1tg27Y:nr5gPsCz2mtwm84l78mW5aHjLJo5h6R6LvtJfsHiEjI", "expire_date": "2025-02-20T13:40:44.324Z"}}, {"model": "sessions.session", "pk": "p688fbhhnwrr500c1s2iwduqno30r859", "fields": {"session_data": "eyJiYWciOnsiMiI6MX19:1thne4:nahYCdP1twXhKS9xvbHdXLEjdngFlqN-xE0C7vZvL9I", "expire_date": "2025-02-25T10:37:36.789Z"}}, {"model": "sessions.session", "pk": "pwoej2gaddz1mbx8zsgmn1hgvgg6i6fz", "fields": {"session_data": "eyJiYWciOnsiMSI6MSwiMTEiOjUsIjE0Ijo0fX0:1tfLFU:LOxTEyco5Q2aH7xH2WWUgoYVY7XNOQrYNmV4NAMTXjo", "expire_date": "2025-02-18T15:54:04.163Z"}}, {"model": "sessions.session", "pk": "qpd1nqeu47qukq6h3pakpf2girh0gxqh", "fields": {"session_data": ".eJxVjMsOwiAUBf-FdUN4lrZL934DAe7FogYMtEZj_Hdt0oVuz8yZF7FuXWa7Nqw2AZmIIt3v5l24YN4AnF0-FRpKXmrydFPoThs9FsDrYXf_ArNr8_ct_SBAeRhBe8e90jFIbQaBvFcQdNQj98AkA9VzwYJBF2XshTRoohq82aINW0slW3zcUn2SiXWkuTvalGMh01JXfH8AAJJFZA:1tkNHY:oSKg54DOHfYQ-LWbyfb7UPTAB8ZhTbLPSbslYl3sEzM", "expire_date": "2025-03-04T13:05:00.388Z"}}, {"model": "sessions.session", "pk": "sw2uw455cw6w1lg0amkkwjtyxdmmx7ge", "fields": {"session_data": ".eJxVjEsOgzAMRO_iNYpwAgnNsvueAdmxA7QVSHxWiLu3SGzYjea9mR2YOog7WIi-AAcRy6OAlra1b7dF53YQiIBw65jSR8cTyJvGbjJpGtd5YHMq5qKLeU2i3-fl3g56Wvr_2uWKxD0sZ9dwpQ36JDlY24gqe5utpQpDWaaa5VEnPiNyYMGQgkeF4weBuD1C:1thRG0:-jFZ7XbHnsEt1UsTVBS4CewMfqTnF-jTFQbr3ZIGpNM", "expire_date": "2025-02-24T10:43:16.895Z"}}, {"model": "sessions.session", "pk": "sxdo7199ivcokeqxcdn4d5ny1f6tai1r", "fields": {"session_data": ".eJxVjDsOhDAMRO_iGkU4CQRSbr9nQHbswH4EEp8KcfddJBq60bw3swNTD3EHBxEL8BDbo4COtnXotkXn7iUQAeHWMaWPjieQN439ZNI0rvOLzamYiy7mOYl-H5d7OxhoGf5rlz2Jay1n17DXBuskOVjbiCrXNltLHkNZpoqlrRKfETmwYEihRoXjB2AEPRc:1tfKz2:MBnj4IQazmyCWzELsDlJv2Ag5reB9X33eMPzM02ChUM", "expire_date": "2025-02-18T15:37:04.397Z"}}, {"model": "sessions.session", "pk": "uoa0awi8cxy5h4pdawvgv26moacvh907", "fields": {"session_data": "eyJiYWciOnsiNSI6OSwiMiI6OSwiMTQiOjIzLCIxNiI6OTl9fQ:1tfLpi:tRrtDcQOoSnq4mf1c2WH4qXJcTKJHHiY-dlJW8J8zgM", "expire_date": "2025-02-18T16:31:30.336Z"}}, {"model": "sessions.session", "pk": "w42t1fxje804nu3m2ux7jmuah6xl13po", "fields": {"session_data": "e30:1tiwLU:pPdeHtxT_zop2DFTj47TbMIGUZRNvUSC6D7Of3v1giQ", "expire_date": "2025-02-28T14:07:08.506Z"}}, {"model": "sessions.session", "pk": "wbahaosvjznn720do6aaifam27z4sr4t", "fields": {"session_data": "eyJiYWciOnsiMiI6MywiMTQiOjR9fQ:1tfMpF:r-2w5nYvKjQNvU3dEXBHLBcWDar1Sz9mT7Y9D_WXZSc", "expire_date": "2025-02-18T17:35:05.315Z"}}, {"model": "sessions.session", "pk": "wh3teysc4b8st3f21p7nkujctwhtsuwn", "fields": {"session_data": "e30:1tiwKw:2rwXhnWu_4dx7y0YjwQAdqPUw5lULFnsjoNi9fx7aPA", "expire_date": "2025-02-28T14:06:34.779Z"}}, {"model": "sessions.session", "pk": "wzwh9omtolksunwhcn3czb4g3dgqelmu", "fields": {"session_data": ".eJxVjMEOwiAQRP-FsyFdSoF69O43EJZdpGogKe3J-O9K0oPeJvPezEv4sG_Z741Xv5A4CxCn3w5DfHDpgO6h3KqMtWzrgrIr8qBNXivx83K4fwc5tPxdj0kHGmeFaXSo2YGJlKxSjpjRqKRU0GCHIU5I8xSxR0CLBDZaAyzeH_b1OFI:1teEY2:D6ptXqY6YuybxT7_7vizqsOrHiDnruAVzqsj9RNK0-E", "expire_date": "2025-02-15T14:32:38.887Z"}}, {"model": "sessions.session", "pk": "z9ptakgylq917rm3i7bh7gdk6p6x69z7", "fields": {"session_data": ".eJxVTksOgyAQvcusDRFEoSy77xkIA6PSNtiIJm2Mdy8mLtrNvMn75W1g3bqMds002xjAAIfql0PnH5QOIdxdGibmp7TMEdlhYaea2W0K9Lye3r-C0eWxpJteutBcBPaNRkmadz70SggdiLATvRBOclXXvsVwaT0eL0eFgSuvOk5Haaac45QsvV9x_oCpK0A3gNlAgemqMt2IcmswuoAEIwsUUu77F4RwSBk:1teyoc:fSWB9ccJXHu5f0tJXKC-Exs-uZY0XvasZEr2ubmzdw8", "expire_date": "2025-02-17T15:56:50.572Z"}}, {"model": "sites.site", "pk": 1, "fields": {"domain": "artofdarts.com", "name": "Art of Darts"}}, {"model": "account.emailaddress", "pk": 1, "fields": {"user": 1, "email": "cameron.rafferty@hotmail.co.uk", "verified": true, "primary": true}}, {"model": "account.emailaddress", "pk": 2, "fields": {"user": 4, "email": "cameron-riff-raff@hotmail.co.uk", "verified": true, "primary": true}}, {"model": "account.emailaddress", "pk": 3, "fields": {"user": 1, "email": "admin@artofdarts.com", "verified": true, "primary": true}}, {"model": "account.emailaddress", "pk": 4, "fields": {"user": 5, "email": "random@gmail.com", "verified": true, "primary": true}}, {"model": "products.category", "pk": 1, "fields": {"name": "barrels", "friendly_name": "Barrels"}}, {"model": "products.category", "pk": 2, "fields": {"name": "flights", "friendly_name": "Flights"}}, {"model": "products.category", "pk": 3, "fields": {"name": "shafts", "friendly_name": "Shafts"}}, {"model": "products.product", "pk": 1, "fields": {"category": 1, "name": "Caliburn Hunt", "description": "- Caliburn Hunt Darts\r\n- Steel Tip\r\n- 90% Tungsten.", "price": "55.55", "rating": "5.00", "sku": "BAR-TP-1", "image": "caliburn-tapered.webp", "image_url": "https://www.dartscorner.co.uk/cdn/shop/files/HUNTH3.jpg?v=1726395463&width=675"}}, {"model": "products.product", "pk": 2, "fields": {"category": 1, "name": "Caliburn Stallion", "description": "- Caliburn Stallion Darts\r\n- Steel Tip\r\n- 90% Tungsten.", "price": "45.45", "rating": "4.50", "sku": "BAR-ST-1", "image": "caliburn-straight.webp", "image_url": "https://www.dartscorner.co.uk/cdn/shop/files/caliburn_stallion_s3_darts_steel_tip_d6994_1.jpg?v=1707984339&width=675"}}, {"model": "products.product", "pk": 3, "fields": {"category": 3, "name": "Mission Griplock Shaft", "description": "- Mission Griplock Stems\r\n- White\r\n- Nylon\r\n- Short\r\n- Pack of 3", "price": "2.00", "rating": "4.80", "sku": "SHA-SH-WH", "image": "shaft-short-wh_2lEREOj.webp", "image_url": "https://www.dartscorner.co.uk/cdn/shop/products/P-S1064X-Parent-1.jpg?v=1695061600&width=675"}}, {"model": "products.product", "pk": 4, "fields": {"category": 3, "name": "Mission Griplock Shaft", "description": "- Mission Griplock Stems\r\n- White\r\n- Nylon\r\n- Medium\r\n- Pack of 3", "price": "2.00", "rating": "4.70", "sku": "SHA-MED-WH", "image": "shaft-med-wh_ttJ0TkQ.webp", "image_url": "https://www.dartscorner.co.uk/cdn/shop/products/P-S1064X-Parent-3.jpg?v=1695061763&width=675"}}, {"model": "products.product", "pk": 5, "fields": {"category": 3, "name": "Unicorn Gripper Shaft", "description": "- Unicorn Gripper Stems\r\n- White\r\n- Moulded\r\n- Short\r\n- Pack of 3", "price": "3.50", "rating": "4.60", "sku": "SHA-SH-UNI", "image": "shaft-short-uni_97zRBTR.webp", "image_url": "https://www.dartscorner.co.uk/cdn/shop/products/S0569-1.jpg?v=1688947355&width=675"}}, {"model": "products.product", "pk": 6, "fields": {"category": 3, "name": "Unicorn Gripper Shaft", "description": "- Unicorn Gripper Stems\r\n- White\r\n- Moulded\r\n- Medium\r\n- Pack of 3", "price": "2.50", "rating": "4.70", "sku": "SHA-MED-UNI", "image": "shaft-med-uni_kcq75PV.webp", "image_url": "https://www.dartscorner.co.uk/cdn/shop/products/S0564-1.jpg?v=1688947349&width=675"}}, {"model": "products.product", "pk": 7, "fields": {"category": 3, "name": "Unicorn Gripper Shaft", "description": "- Unicorn Gripper Stems\r\n- White\r\n- Moulded\r\n- Long\r\n- Pack of 3", "price": "2.50", "rating": "4.70", "sku": "SHA-LG-UNI", "image": "shaft-long-uni_HQIXaf6.webp", "image_url": "https://www.dartscorner.co.uk/cdn/shop/products/S0396-1.jpg?v=1688947000&width=675"}}, {"model": "products.product", "pk": 8, "fields": {"category": 3, "name": "Designa Aluminium Shaft", "description": "- Designa Aluminium Stems\r\n- Black\r\n- Aluminium\r\n- Short\r\n- Pack of 3", "price": "3.00", "rating": "4.30", "sku": "SHA-SH-ALU", "image": "shaft-short-alu_UGWM0Dr.webp", "image_url": "https://www.dartscorner.co.uk/cdn/shop/products/S0756-1.jpg?v=1695162921&width=675"}}, {"model": "products.product", "pk": 9, "fields": {"category": 3, "name": "Designa Aluminium Shaft", "description": "- Designa Aluminium Stems\r\n- Black\r\n- Aluminium\r\n- Medium\r\n- Pack of 3", "price": "3.00", "rating": "4.40", "sku": "SHA-MED-ALU", "image": "shaft-med-alu_APkwoCb.webp", "image_url": "https://www.dartscorner.co.uk/cdn/shop/products/S0754-1.jpg?v=1695162924&width=675"}}, {"model": "products.product", "pk": 10, "fields": {"category": 3, "name": "Designa Aluminium Shaft", "description": "- Designa Aluminium Stems\r\n- Black\r\n- Aluminium\r\n- Long\r\n- Pack of 3", "price": "3.00", "rating": "4.40", "sku": "SHA-LG-ALU", "image": "shaft-long-alu_YXC6NIi.webp", "image_url": "https://www.dartscorner.co.uk/cdn/shop/products/S0753-1.jpg?v=1695162401&width=675"}}, {"model": "products.product", "pk": 11, "fields": {"category": 2, "name": "Shot Viking Raven Flights", "description": "- Shot Viking Raven Flights\r\n- Black/Orange\r\n- Kite\r\n- Pack of 3", "price": "1.50", "rating": "4.90", "sku": "FLI-KI-1", "image": "kite-viking_ycItua3.webp", "image_url": "https://www.dartscorner.co.uk/cdn/shop/products/F3713-1.jpg?v=1688937461&width=675"}}, {"model": "products.product", "pk": 12, "fields": {"category": 2, "name": "Harrows Retina-X", "description": "- Harrows Retina-X Flights\r\n- Clear/White\r\n- Kite\r\n- Pack of 3", "price": "1.20", "rating": "4.90", "sku": "FLI-KI-2", "image": "kite-white_b6loWsM.webp", "image_url": "https://www.dartscorner.co.uk/cdn/shop/products/F0378-2.jpg?v=1695226826&width=675"}}, {"model": "products.product", "pk": 13, "fields": {"category": 2, "name": "Harrows Retina-X", "description": "- Harrows Retina-X Flights\r\n\r\n- Yellow\r\n\r\n- Kite \r\n\r\n- Pack of 3", "price": "1.20", "rating": "4.90", "sku": "FLI-KI-3", "image": "kite-yellow_bcdTxEW.webp", "image_url": "https://www.dartscorner.co.uk/cdn/shop/products/F0383-2.jpg?v=1695114502&width=675"}}, {"model": "products.product", "pk": 14, "fields": {"category": 2, "name": "Designa Flights", "description": "- Designa Motley Collection (Pig)\r\n- Pink\r\n- Standard\r\n- Pack of 3", "price": "0.90", "rating": "3.60", "sku": "FLI-ST-1", "image": "standard-pig_Kt4B3bc.webp", "image_url": "https://www.dartscorner.co.uk/cdn/shop/files/Designa_Motley_Dart_Flights_F4373_Pig_1.jpg?v=1698943829&width=675"}}, {"model": "products.product", "pk": 15, "fields": {"category": 2, "name": "Bulls Series 100", "description": "- Bulls Series 100 Flights\r\n- Pink\r\n- Standard\r\n- Set of 3", "price": "1.40", "rating": "4.80", "sku": "FLI-ST-2", "image": "standard-pink_Vaglvgb.webp", "image_url": "https://www.dartscorner.co.uk/cdn/shop/files/51011Bullsseries100LightningPink80FlightNo.2Front.jpg?v=1731828807&width=675"}}, {"model": "products.product", "pk": 16, "fields": {"category": 2, "name": "Bulls Series 100", "description": "- Bulls Series 100 Flights\r\n- Orange\r\n- Standard\r\n- Pack of 3", "price": "1.40", "rating": "5.00", "sku": "FLI-ST-3", "image": "standard-orange_MrxLXuT.webp", "image_url": "https://www.dartscorner.co.uk/cdn/shop/files/51010BullsSeries100LightningOrange80No.2FlightFront.jpg?v=1731828807&width=675"}}, {"model": "products.product", "pk": 30, "fields": {"category": 1, "name": "test", "description": "TESTER", "price": "13.45", "rating": null, "sku": null, "image": "noimage.png", "image_url": null}}, {"model": "products.product", "pk": 31, "fields": {"category": 1, "name": "test2", "description": "", "price": "123.34", "rating": null, "sku": null, "image": "chicken1.png", "image_url": null}}, {"model": "products.barrel", "pk": 1, "fields": {"barrel_shape": "Tapered"}}, {"model": "products.barrel", "pk": 2, "fields": {"barrel_shape": "Straight"}}, {"model": "products.barrel", "pk": 30, "fields": {"barrel_shape": "Straight"}}, {"model": "products.barrel", "pk": 31, "fields": {"barrel_shape": "Straight"}}, {"model": "products.stem", "pk": 3, "fields": {"stem_length": "Short"}}, {"model": "products.stem", "pk": 4, "fields": {"stem_length": "Medium"}}, {"model": "products.stem", "pk": 5, "fields": {"stem_length": "Short"}}, {"model": "products.stem", "pk": 6, "fields": {"stem_length": "Medium"}}, {"model": "products.stem", "pk": 7, "fields": {"stem_length": "Long"}}, {"model": "products.stem", "pk": 8, "fields": {"stem_length": "Short"}}, {"model": "products.stem", "pk": 9, "fields": {"stem_length": "Medium"}}, {"model": "products.stem", "pk": 10, "fields": {"stem_length": "Long"}}, {"model": "products.flight", "pk": 11, "fields": {"flight_shape": "Kite"}}, {"model": "products.flight", "pk": 12, "fields": {"flight_shape": "Kite"}}, {"model": "products.flight", "pk": 13, "fields": {"flight_shape": "Kite"}}, {"model": "products.flight", "pk": 14, "fields": {"flight_shape": "Standard"}}, {"model": "products.flight", "pk": 15, "fields": {"flight_shape": "Standard"}}, {"model": "products.flight", "pk": 16, "fields": {"flight_shape": "Standard"}}, {"model": "checkout.order", "pk": 33, "fields": {"order_number": "F8AD3813F1C84BDEA503F91B2B953272", "user_profile": 2, "full_name": "Ibel", "email": "isabelmpdix@gmail.com", "phone_number": "12345678910", "street_address1": "Somewhere", "street_address2": "Street", "town_or_city": "City", "postcode": "Sheff", "date": "2025-02-18T12:25:59.698Z", "delivery_cost": "4.55", "order_total": "45.50", "grand_total": "50.05", "original_bag": "{\"1\": 1}", "stripe_pid": "pi_3QtpruLwvVySyyz50mMPeHaa"}}, {"model": "checkout.order", "pk": 34, "fields": {"order_number": "25D3C6AE76994AA799363ECA73DB3D3F", "user_profile": 2, "full_name": "ibel", "email": "isabelmpdix@gmail.com", "phone_number": "12345678910", "street_address1": "Somewhere", "street_address2": "Street", "town_or_city": "City", "postcode": "Sheff", "date": "2025-02-18T13:05:00.371Z", "delivery_cost": "4.55", "order_total": "45.50", "grand_total": "50.05", "original_bag": "{\"1\": 1}", "stripe_pid": "pi_3QtqTeLwvVySyyz50VQvu9QH"}}, {"model": "checkout.orderlineitem", "pk": 60, "fields": {"order": 33, "product": 1, "quantity": 1, "lineitem_total": "45.50"}}, {"model": "checkout.orderlineitem", "pk": 61, "fields": {"order": 34, "product": 1, "quantity": 1, "lineitem_total": "45.50"}}, {"model": "profiles.userprofile", "pk": 1, "fields": {"user": 3, "full_name": null, "default_phone_number": null, "default_street_address1": null, "default_street_address2": null, "default_town_or_city": null, "default_postcode": null}}, {"model": "profiles.userprofile", "pk": 2, "fields": {"user": 4, "full_name": null, "default_phone_number": "12345678910", "default_street_address1": "Somewhere", "default_street_address2": "Street", "default_town_or_city": "City", "default_postcode": "Sheff"}}, {"model": "profiles.userprofile", "pk": 3, "fields": {"user": 5, "full_name": null, "default_phone_number": null, "default_street_address1": null, "default_street_address2": null, "default_town_or_city": null, "default_postcode": null}}]